{
   "data":[
       {"CUID":"nthicks","Name":"Nate Hicks","Email":"Nate.Hicks@Lumen.com","Role":"IA_ADMIN","Action":"yes"},
       {"CUID":"gfallis","Name":"Gary Fallis","Email":"Gary.Fallis@Lumen.com.","Role":"IA_ADMIN","Action":"yes"},
       {"CUID":"ac71411","Name":"Roman Bozeman@","Email":"Roman Bozeman@Lumen.com","Role":"VIEW_ONLY","Action":"yes"},
       {"CUID":"ac31248","Name":"Naveen Raj","Email":"Naaveenraj.Harikrishnan@Lumen.com","Role":"IA_ADMIN","Action":"yes"},
       {"CUID":"ad04494","Name":"Arun Singh Murugesan","Email":"ArunSinghMurugesan@Lumen.com.","Role":"VIEW_ONLY","Action":"yes"}
   ]
}